Video,Frame,Gender
MultipleFiles/1\Phone_1.mp4,extracted_frames\Female\video_1_frame_0.jpg,Female
MultipleFiles/1\Phone_1.mp4,extracted_frames\Female\video_1_frame_30.jpg,Female
MultipleFiles/1\Phone_1.mp4,extracted_frames\Female\video_1_frame_60.jpg,Female
MultipleFiles/1\Phone_1.mp4,extracted_frames\Female\video_1_frame_90.jpg,Female
MultipleFiles/1\Phone_1.mp4,extracted_frames\Female\video_1_frame_120.jpg,Female
MultipleFiles/1\Phone_1.mp4,extracted_frames\Female\video_1_frame_150.jpg,Female
MultipleFiles/1\Phone_1.mp4,extracted_frames\Female\video_1_frame_180.jpg,Female
MultipleFiles/1\Phone_1.mp4,extracted_frames\Female\video_1_frame_210.jpg,Female
MultipleFiles/1\Phone_2.mp4,extracted_frames\Female\video_1_frame_0.jpg,Female
MultipleFiles/1\Phone_2.mp4,extracted_frames\Female\video_1_frame_30.jpg,Female
MultipleFiles/1\Phone_2.mp4,extracted_frames\Female\video_1_frame_60.jpg,Female
MultipleFiles/1\Phone_2.mp4,extracted_frames\Female\video_1_frame_90.jpg,Female
MultipleFiles/1\Phone_2.mp4,extracted_frames\Female\video_1_frame_120.jpg,Female
MultipleFiles/1\Phone_2.mp4,extracted_frames\Female\video_1_frame_150.jpg,Female
MultipleFiles/1\Phone_2.mp4,extracted_frames\Female\video_1_frame_180.jpg,Female
MultipleFiles/1\Phone_2.mp4,extracted_frames\Female\video_1_frame_210.jpg,Female
MultipleFiles/1\Phone_2.mp4,extracted_frames\Female\video_1_frame_240.jpg,Female
MultipleFiles/1\Phone_2.mp4,extracted_frames\Female\video_1_frame_270.jpg,Female
MultipleFiles/1\Web_1.mp4,extracted_frames\Female\video_1_frame_0.jpg,Female
MultipleFiles/1\Web_1.mp4,extracted_frames\Female\video_1_frame_30.jpg,Female
MultipleFiles/1\Web_1.mp4,extracted_frames\Female\video_1_frame_60.jpg,Female
MultipleFiles/1\Web_1.mp4,extracted_frames\Female\video_1_frame_90.jpg,Female
MultipleFiles/1\Web_1.mp4,extracted_frames\Female\video_1_frame_120.jpg,Female
MultipleFiles/1\Web_1.mp4,extracted_frames\Female\video_1_frame_150.jpg,Female
MultipleFiles/1\Web_1.mp4,extracted_frames\Female\video_1_frame_180.jpg,Female
MultipleFiles/1\Web_1.mp4,extracted_frames\Female\video_1_frame_210.jpg,Female
MultipleFiles/1\Web_1.mp4,extracted_frames\Female\video_1_frame_240.jpg,Female
MultipleFiles/1\Web_2.mp4,extracted_frames\Female\video_1_frame_0.jpg,Female
MultipleFiles/1\Web_2.mp4,extracted_frames\Female\video_1_frame_30.jpg,Female
MultipleFiles/1\Web_2.mp4,extracted_frames\Female\video_1_frame_60.jpg,Female
MultipleFiles/1\Web_2.mp4,extracted_frames\Female\video_1_frame_90.jpg,Female
MultipleFiles/1\Web_2.mp4,extracted_frames\Female\video_1_frame_120.jpg,Female
MultipleFiles/1\Web_2.mp4,extracted_frames\Female\video_1_frame_150.jpg,Female
MultipleFiles/1\Web_2.mp4,extracted_frames\Female\video_1_frame_180.jpg,Female
MultipleFiles/1\Web_2.mp4,extracted_frames\Female\video_1_frame_210.jpg,Female
MultipleFiles/1\Web_2.mp4,extracted_frames\Female\video_1_frame_240.jpg,Female
MultipleFiles/1\Web_2.mp4,extracted_frames\Female\video_1_frame_270.jpg,Female
MultipleFiles/1\Web_2.mp4,extracted_frames\Female\video_1_frame_300.jpg,Female
MultipleFiles/2\Phone_1.mp4,extracted_frames\Female\video_2_frame_0.jpg,Female
MultipleFiles/2\Phone_1.mp4,extracted_frames\Female\video_2_frame_30.jpg,Female
MultipleFiles/2\Phone_1.mp4,extracted_frames\Female\video_2_frame_60.jpg,Female
MultipleFiles/2\Phone_1.mp4,extracted_frames\Female\video_2_frame_90.jpg,Female
MultipleFiles/2\Phone_1.mp4,extracted_frames\Female\video_2_frame_120.jpg,Female
MultipleFiles/2\Phone_1.mp4,extracted_frames\Female\video_2_frame_150.jpg,Female
MultipleFiles/2\Phone_1.mp4,extracted_frames\Female\video_2_frame_180.jpg,Female
MultipleFiles/2\Phone_1.mp4,extracted_frames\Female\video_2_frame_210.jpg,Female
MultipleFiles/2\Phone_2.mp4,extracted_frames\Female\video_2_frame_0.jpg,Female
MultipleFiles/2\Phone_2.mp4,extracted_frames\Female\video_2_frame_30.jpg,Female
MultipleFiles/2\Phone_2.mp4,extracted_frames\Female\video_2_frame_60.jpg,Female
MultipleFiles/2\Phone_2.mp4,extracted_frames\Female\video_2_frame_90.jpg,Female
MultipleFiles/2\Phone_2.mp4,extracted_frames\Female\video_2_frame_120.jpg,Female
MultipleFiles/2\Phone_2.mp4,extracted_frames\Female\video_2_frame_150.jpg,Female
MultipleFiles/2\Phone_2.mp4,extracted_frames\Female\video_2_frame_180.jpg,Female
MultipleFiles/2\Phone_2.mp4,extracted_frames\Female\video_2_frame_210.jpg,Female
MultipleFiles/2\Web_1.mp4,extracted_frames\Female\video_2_frame_0.jpg,Female
MultipleFiles/2\Web_1.mp4,extracted_frames\Female\video_2_frame_30.jpg,Female
MultipleFiles/2\Web_1.mp4,extracted_frames\Female\video_2_frame_60.jpg,Female
MultipleFiles/2\Web_1.mp4,extracted_frames\Female\video_2_frame_90.jpg,Female
MultipleFiles/2\Web_1.mp4,extracted_frames\Female\video_2_frame_120.jpg,Female
MultipleFiles/2\Web_1.mp4,extracted_frames\Female\video_2_frame_150.jpg,Female
MultipleFiles/2\Web_1.mp4,extracted_frames\Female\video_2_frame_180.jpg,Female
MultipleFiles/2\Web_1.mp4,extracted_frames\Female\video_2_frame_210.jpg,Female
MultipleFiles/2\Web_2.mp4,extracted_frames\Female\video_2_frame_0.jpg,Female
MultipleFiles/2\Web_2.mp4,extracted_frames\Female\video_2_frame_30.jpg,Female
MultipleFiles/2\Web_2.mp4,extracted_frames\Female\video_2_frame_60.jpg,Female
MultipleFiles/2\Web_2.mp4,extracted_frames\Female\video_2_frame_90.jpg,Female
MultipleFiles/2\Web_2.mp4,extracted_frames\Female\video_2_frame_120.jpg,Female
MultipleFiles/3\Phone_1.mp4,extracted_frames\Male\video_3_frame_0.jpg,Male
MultipleFiles/3\Phone_1.mp4,extracted_frames\Male\video_3_frame_30.jpg,Male
MultipleFiles/3\Phone_1.mp4,extracted_frames\Male\video_3_frame_60.jpg,Male
MultipleFiles/3\Phone_1.mp4,extracted_frames\Male\video_3_frame_90.jpg,Male
MultipleFiles/3\Phone_1.mp4,extracted_frames\Male\video_3_frame_120.jpg,Male
MultipleFiles/3\Phone_1.mp4,extracted_frames\Male\video_3_frame_150.jpg,Male
MultipleFiles/3\Phone_2.mp4,extracted_frames\Male\video_3_frame_0.jpg,Male
MultipleFiles/3\Phone_2.mp4,extracted_frames\Male\video_3_frame_30.jpg,Male
MultipleFiles/3\Phone_2.mp4,extracted_frames\Male\video_3_frame_60.jpg,Male
MultipleFiles/3\Phone_2.mp4,extracted_frames\Male\video_3_frame_90.jpg,Male
MultipleFiles/3\Phone_2.mp4,extracted_frames\Male\video_3_frame_120.jpg,Male
MultipleFiles/3\Phone_2.mp4,extracted_frames\Male\video_3_frame_150.jpg,Male
MultipleFiles/3\Phone_2.mp4,extracted_frames\Male\video_3_frame_180.jpg,Male
MultipleFiles/3\Phone_2.mp4,extracted_frames\Male\video_3_frame_210.jpg,Male
MultipleFiles/3\Phone_2.mp4,extracted_frames\Male\video_3_frame_240.jpg,Male
MultipleFiles/3\Web_1.mp4,extracted_frames\Male\video_3_frame_0.jpg,Male
MultipleFiles/3\Web_1.mp4,extracted_frames\Male\video_3_frame_30.jpg,Male
MultipleFiles/3\Web_1.mp4,extracted_frames\Male\video_3_frame_60.jpg,Male
MultipleFiles/3\Web_1.mp4,extracted_frames\Male\video_3_frame_90.jpg,Male
MultipleFiles/3\Web_1.mp4,extracted_frames\Male\video_3_frame_120.jpg,Male
MultipleFiles/3\Web_1.mp4,extracted_frames\Male\video_3_frame_150.jpg,Male
MultipleFiles/3\Web_1.mp4,extracted_frames\Male\video_3_frame_180.jpg,Male
MultipleFiles/3\Web_1.mp4,extracted_frames\Male\video_3_frame_210.jpg,Male
MultipleFiles/3\Web_1.mp4,extracted_frames\Male\video_3_frame_240.jpg,Male
MultipleFiles/3\Web_1.mp4,extracted_frames\Male\video_3_frame_270.jpg,Male
MultipleFiles/3\Web_2.mp4,extracted_frames\Male\video_3_frame_0.jpg,Male
MultipleFiles/3\Web_2.mp4,extracted_frames\Male\video_3_frame_30.jpg,Male
MultipleFiles/3\Web_2.mp4,extracted_frames\Male\video_3_frame_60.jpg,Male
MultipleFiles/3\Web_2.mp4,extracted_frames\Male\video_3_frame_90.jpg,Male
MultipleFiles/3\Web_2.mp4,extracted_frames\Male\video_3_frame_120.jpg,Male
MultipleFiles/3\Web_2.mp4,extracted_frames\Male\video_3_frame_150.jpg,Male
MultipleFiles/3\Web_2.mp4,extracted_frames\Male\video_3_frame_180.jpg,Male
MultipleFiles/3\Web_2.mp4,extracted_frames\Male\video_3_frame_210.jpg,Male
MultipleFiles/4\Phone_1.mp4,extracted_frames\Male\video_4_frame_0.jpg,Male
MultipleFiles/4\Phone_1.mp4,extracted_frames\Male\video_4_frame_30.jpg,Male
MultipleFiles/4\Phone_1.mp4,extracted_frames\Male\video_4_frame_60.jpg,Male
MultipleFiles/4\Phone_1.mp4,extracted_frames\Male\video_4_frame_90.jpg,Male
MultipleFiles/4\Phone_1.mp4,extracted_frames\Male\video_4_frame_120.jpg,Male
MultipleFiles/4\Phone_2.mp4,extracted_frames\Male\video_4_frame_0.jpg,Male
MultipleFiles/4\Phone_2.mp4,extracted_frames\Male\video_4_frame_30.jpg,Male
MultipleFiles/4\Phone_2.mp4,extracted_frames\Male\video_4_frame_60.jpg,Male
MultipleFiles/4\Phone_2.mp4,extracted_frames\Male\video_4_frame_90.jpg,Male
MultipleFiles/4\Phone_2.mp4,extracted_frames\Male\video_4_frame_120.jpg,Male
MultipleFiles/4\Web_1.mp4,extracted_frames\Male\video_4_frame_0.jpg,Male
MultipleFiles/4\Web_1.mp4,extracted_frames\Male\video_4_frame_30.jpg,Male
MultipleFiles/4\Web_1.mp4,extracted_frames\Male\video_4_frame_60.jpg,Male
MultipleFiles/4\Web_1.mp4,extracted_frames\Male\video_4_frame_90.jpg,Male
MultipleFiles/4\Web_2.mp4,extracted_frames\Male\video_4_frame_0.jpg,Male
MultipleFiles/4\Web_2.mp4,extracted_frames\Male\video_4_frame_30.jpg,Male
MultipleFiles/4\Web_2.mp4,extracted_frames\Male\video_4_frame_60.jpg,Male
MultipleFiles/4\Web_2.mp4,extracted_frames\Male\video_4_frame_90.jpg,Male
MultipleFiles/5\Phone_1.mp4,extracted_frames\Male\video_5_frame_0.jpg,Male
MultipleFiles/5\Phone_1.mp4,extracted_frames\Male\video_5_frame_30.jpg,Male
MultipleFiles/5\Phone_1.mp4,extracted_frames\Male\video_5_frame_60.jpg,Male
MultipleFiles/5\Phone_1.mp4,extracted_frames\Male\video_5_frame_90.jpg,Male
MultipleFiles/5\Phone_1.mp4,extracted_frames\Male\video_5_frame_120.jpg,Male
MultipleFiles/5\Phone_2.mp4,extracted_frames\Male\video_5_frame_0.jpg,Male
MultipleFiles/5\Phone_2.mp4,extracted_frames\Male\video_5_frame_30.jpg,Male
MultipleFiles/5\Phone_2.mp4,extracted_frames\Male\video_5_frame_60.jpg,Male
MultipleFiles/5\Phone_2.mp4,extracted_frames\Male\video_5_frame_90.jpg,Male
MultipleFiles/5\Phone_2.mp4,extracted_frames\Male\video_5_frame_120.jpg,Male
MultipleFiles/5\Phone_2.mp4,extracted_frames\Male\video_5_frame_150.jpg,Male
MultipleFiles/5\Web_1.mp4,extracted_frames\Male\video_5_frame_0.jpg,Male
MultipleFiles/5\Web_1.mp4,extracted_frames\Male\video_5_frame_30.jpg,Male
MultipleFiles/5\Web_1.mp4,extracted_frames\Male\video_5_frame_60.jpg,Male
MultipleFiles/5\Web_1.mp4,extracted_frames\Male\video_5_frame_90.jpg,Male
MultipleFiles/5\Web_2.mp4,extracted_frames\Male\video_5_frame_0.jpg,Male
MultipleFiles/5\Web_2.mp4,extracted_frames\Male\video_5_frame_30.jpg,Male
MultipleFiles/5\Web_2.mp4,extracted_frames\Male\video_5_frame_60.jpg,Male
